{
  "SVD": {
    "RMSE": 0.88128078273592,
    "MAE": 0.6780062151779335
  },
  "KNNBasic": {
    "RMSE": 0.9590831700503785,
    "MAE": 0.7360536006030207
  }
}